{"cameraMode":{"drawMode":0,"name":"Shaded","section":"Shading Mode"},"sceneLighting":true,"audioPlay":false,"sceneViewState":{"m_AlwaysRefresh":false,"showFog":true,"showSkybox":true,"showFlares":true,"showImageEffects":true,"showParticleSystems":true,"showVisualEffectGraphs":true,"m_FxEnabled":true},"in2DMode":false,"pivot":{"x":1.5279130935668946,"y":-0.14686012268066407,"z":-0.11221957206726074},"rotation":{"x":-0.12582919001579286,"y":0.8726590871810913,"z":-0.30477583408355715,"w":-0.36025306582450869},"size":3.47456693649292,"orthographic":false}