{"cameraMode":{"drawMode":0,"name":"Shaded","section":"Shading Mode"},"sceneLighting":false,"audioPlay":false,"sceneViewState":{"m_AlwaysRefresh":false,"showFog":true,"showSkybox":false,"showFlares":true,"showImageEffects":true,"showParticleSystems":true,"showVisualEffectGraphs":true,"m_FxEnabled":true},"in2DMode":false,"pivot":{"x":0.39840203523635867,"y":1.707863688468933,"z":7.687363624572754},"rotation":{"x":0.05539271607995033,"y":-0.7143254280090332,"z":0.05690879002213478,"w":0.6952944397926331},"size":10.967228889465332,"orthographic":true}