{"cameraMode":{"drawMode":0,"name":"Shaded","section":"Shading Mode"},"sceneLighting":false,"audioPlay":false,"sceneViewState":{"m_AlwaysRefresh":false,"showFog":true,"showSkybox":false,"showFlares":true,"showImageEffects":true,"showParticleSystems":true,"showVisualEffectGraphs":true,"m_FxEnabled":true},"in2DMode":false,"pivot":{"x":-2.8007030487060549,"y":0.26439040899276736,"z":4.356802940368652},"rotation":{"x":-0.5310600996017456,"y":-0.04444282874464989,"z":0.027906805276870729,"w":-0.8457200527191162},"size":0.5734507441520691,"orthographic":false}