{"cameraMode":{"drawMode":0,"name":"Shaded","section":"Shading Mode"},"sceneLighting":true,"audioPlay":false,"sceneViewState":{"m_AlwaysRefresh":false,"showFog":true,"showSkybox":true,"showFlares":true,"showImageEffects":true,"showParticleSystems":true,"showVisualEffectGraphs":true,"m_FxEnabled":true},"in2DMode":false,"pivot":{"x":-1.3486400842666627,"y":6.771598815917969,"z":18.725391387939454},"rotation":{"x":-0.04738586023449898,"y":-0.01618366315960884,"z":0.0007682930445298553,"w":-0.9987507462501526},"size":16.417612075805665,"orthographic":false}