{"cameraMode":{"drawMode":0,"name":"Shaded","section":"Shading Mode"},"sceneLighting":true,"audioPlay":false,"sceneViewState":{"m_AlwaysRefresh":false,"showFog":true,"showSkybox":true,"showFlares":true,"showImageEffects":true,"showParticleSystems":true,"showVisualEffectGraphs":true,"m_FxEnabled":true},"in2DMode":false,"pivot":{"x":2.2661168575286867,"y":9.266256332397461,"z":-16.55775260925293},"rotation":{"x":0.18457719683647157,"y":-0.2547229528427124,"z":0.049587275832891467,"w":0.9479684233665466},"size":10.449999809265137,"orthographic":true}