{"cameraMode":{"drawMode":0,"name":"Shaded","section":"Shading Mode"},"sceneLighting":false,"audioPlay":false,"sceneViewState":{"m_AlwaysRefresh":false,"showFog":true,"showSkybox":false,"showFlares":true,"showImageEffects":true,"showParticleSystems":true,"showVisualEffectGraphs":true,"m_FxEnabled":true},"in2DMode":false,"pivot":{"x":6.816999912261963,"y":0.954950213432312,"z":-2.8199996948242189},"rotation":{"x":0.02367890253663063,"y":-0.48012790083885195,"z":0.012966606765985489,"w":0.8767831325531006},"size":2.5176663398742677,"orthographic":true}